date,vaccine,people_vaccinated,people_fully_vaccinated,total_vaccinations
2020-12-27,Pfizer/BioNTech,1283,0,1283
2020-12-28,Pfizer/BioNTech,3589,0,3589
2020-12-29,Pfizer/BioNTech,7057,1,7058
2020-12-30,Pfizer/BioNTech,10577,1,10578
2020-12-31,Pfizer/BioNTech,11889,1,11890
2021-01-01,"Moderna, Pfizer/BioNTech",12158,1,12159
2021-01-02,Pfizer/BioNTech,13438,1,13439
2021-01-03,"Moderna, Pfizer/BioNTech",14362,1,14363
2021-01-04,"Moderna, Pfizer/BioNTech",17975,1,17976
2021-01-05,"Moderna, Pfizer/BioNTech",22499,2,22501
2021-01-06,"Moderna, Pfizer/BioNTech",28347,3,28350
2021-01-07,"Moderna, Pfizer/BioNTech",36347,3,36350
2021-01-08,"Moderna, Pfizer/BioNTech",46398,4,46402
2021-01-09,"Moderna, Pfizer/BioNTech",48425,5,48430
2021-01-10,Pfizer/BioNTech,50193,6,50199
2021-01-11,Pfizer/BioNTech,60047,8,60055
2021-01-12,"Moderna, Pfizer/BioNTech",73502,10,73512
2021-01-13,Pfizer/BioNTech,87044,10,87054
2021-01-14,"Moderna, Pfizer/BioNTech",102291,14,102305
2021-01-15,"Moderna, Pfizer/BioNTech",116309,15,116324
2021-01-16,"Moderna, Pfizer/BioNTech",119712,19,119731
2021-01-17,"Moderna, Pfizer/BioNTech",122329,655,122984
2021-01-18,"Moderna, Pfizer/BioNTech",134819,2481,137300
2021-01-19,"Moderna, Pfizer/BioNTech",147424,5207,152631
2021-01-20,"Moderna, Pfizer/BioNTech",161114,7870,168984
2021-01-21,"Moderna, Pfizer/BioNTech",176766,9616,186382
2021-01-22,"Moderna, Pfizer/BioNTech",191650,10662,202312
2021-01-23,"Moderna, Pfizer/BioNTech",194971,11542,206513
2021-01-24,"Moderna, Pfizer/BioNTech",197226,12411,209637
2021-01-25,"Moderna, Pfizer/BioNTech",206872,15385,222257
2021-01-26,"Moderna, Pfizer/BioNTech",217413,19380,236793
2021-01-27,"Moderna, Pfizer/BioNTech",226441,23918,250359
2021-01-28,"Moderna, Pfizer/BioNTech",233542,30054,263596
2021-01-29,"Moderna, Pfizer/BioNTech",239758,37965,277723
2021-01-30,"Moderna, Pfizer/BioNTech",240497,39053,279550
2021-01-31,"Moderna, Pfizer/BioNTech",241212,40235,281447
2021-02-01,"Moderna, Pfizer/BioNTech",245192,48197,293389
2021-02-02,"Moderna, Pfizer/BioNTech",249339,58433,307772
2021-02-03,"Moderna, Pfizer/BioNTech",253762,69451,323213
2021-02-04,"Moderna, Pfizer/BioNTech",258661,82442,341103
2021-02-05,"Moderna, Pfizer/BioNTech",264129,93116,357245
2021-02-06,"Moderna, Oxford/AstraZeneca, Pfizer/BioNTech",264981,95484,360465
2021-02-07,"Moderna, Pfizer/BioNTech",265831,97985,363816
2021-02-08,"Moderna, Oxford/AstraZeneca, Pfizer/BioNTech",269917,109416,379333
2021-02-09,"Moderna, Oxford/AstraZeneca, Pfizer/BioNTech",275016,121328,396344
2021-02-10,"Moderna, Oxford/AstraZeneca, Pfizer/BioNTech",280526,134588,415114
2021-02-11,"Moderna, Oxford/AstraZeneca, Pfizer/BioNTech",286863,150802,437665
2021-02-12,"Moderna, Oxford/AstraZeneca, Pfizer/BioNTech",293687,165542,459229
2021-02-13,"Moderna, Oxford/AstraZeneca, Pfizer/BioNTech",295298,168531,463829
2021-02-14,"Moderna, Oxford/AstraZeneca, Pfizer/BioNTech",296300,169915,466215
2021-02-15,"Moderna, Oxford/AstraZeneca, Pfizer/BioNTech",302698,179281,481979
2021-02-16,"Moderna, Oxford/AstraZeneca, Pfizer/BioNTech",311416,188364,499780
2021-02-17,"Moderna, Oxford/AstraZeneca, Pfizer/BioNTech",321114,196670,517784
2021-02-18,"Moderna, Oxford/AstraZeneca, Pfizer/BioNTech",333433,204753,538186
2021-02-19,"Moderna, Oxford/AstraZeneca, Pfizer/BioNTech",345292,212126,557418
2021-02-20,"Moderna, Oxford/AstraZeneca, Pfizer/BioNTech",347293,213311,560604
2021-02-21,"Moderna, Oxford/AstraZeneca, Pfizer/BioNTech",348427,214335,562762
2021-02-22,"Moderna, Oxford/AstraZeneca, Pfizer/BioNTech",358551,220367,578918
2021-02-23,"Moderna, Oxford/AstraZeneca, Pfizer/BioNTech",371507,227350,598857
2021-02-24,"Moderna, Oxford/AstraZeneca, Pfizer/BioNTech",385383,233386,618769
2021-02-25,"Moderna, Oxford/AstraZeneca, Pfizer/BioNTech",403354,238937,642291
2021-02-26,"Moderna, Oxford/AstraZeneca, Pfizer/BioNTech",419524,244289,663813
2021-02-27,"Moderna, Oxford/AstraZeneca, Pfizer/BioNTech",422533,244846,667379
2021-02-28,"Moderna, Oxford/AstraZeneca, Pfizer/BioNTech",424883,245397,670280
2021-03-01,"Moderna, Oxford/AstraZeneca, Pfizer/BioNTech",444474,248846,693320
2021-03-02,"Moderna, Oxford/AstraZeneca, Pfizer/BioNTech",471700,252395,724095
2021-03-03,"Moderna, Oxford/AstraZeneca, Pfizer/BioNTech",502647,256900,759547
2021-03-04,"Moderna, Oxford/AstraZeneca, Pfizer/BioNTech",535933,261585,797518
2021-03-05,"Johnson&Johnson, Moderna, Oxford/AstraZeneca, Pfizer/BioNTech",564774,267007,831781
2021-03-06,"Johnson&Johnson, Moderna, Oxford/AstraZeneca, Pfizer/BioNTech",576922,267868,844790
2021-03-07,"Johnson&Johnson, Moderna, Oxford/AstraZeneca, Pfizer/BioNTech",588464,268709,857173
2021-03-08,"Johnson&Johnson, Moderna, Oxford/AstraZeneca, Pfizer/BioNTech",618211,273563,891774
2021-03-09,"Johnson&Johnson, Moderna, Oxford/AstraZeneca, Pfizer/BioNTech",654568,279945,934513
2021-03-10,"Johnson&Johnson, Moderna, Oxford/AstraZeneca, Pfizer/BioNTech",695882,286901,982783
2021-03-11,"Johnson&Johnson, Moderna, Oxford/AstraZeneca, Pfizer/BioNTech",740713,295273,1035986
2021-03-12,"Johnson&Johnson, Moderna, Oxford/AstraZeneca, Pfizer/BioNTech",779484,303766,1083250
2021-03-13,"Johnson&Johnson, Moderna, Oxford/AstraZeneca, Pfizer/BioNTech",796572,305075,1101647
2021-03-14,"Johnson&Johnson, Moderna, Oxford/AstraZeneca, Pfizer/BioNTech",808690,306229,1114919
2021-03-15,"Johnson&Johnson, Moderna, Oxford/AstraZeneca, Pfizer/BioNTech",837074,315005,1152079
2021-03-16,"Johnson&Johnson, Moderna, Oxford/AstraZeneca, Pfizer/BioNTech",875965,325542,1201507
2021-03-17,"Moderna, Oxford/AstraZeneca, Pfizer/BioNTech",913437,336049,1249486
2021-03-18,"Johnson&Johnson, Moderna, Oxford/AstraZeneca, Pfizer/BioNTech",951422,348461,1299883
2021-03-19,"Moderna, Oxford/AstraZeneca, Pfizer/BioNTech",985914,362072,1347986
2021-03-20,"Johnson&Johnson, Moderna, Oxford/AstraZeneca, Pfizer/BioNTech",1001068,364102,1365170
2021-03-21,"Johnson&Johnson, Moderna, Oxford/AstraZeneca, Pfizer/BioNTech",1008493,365660,1374153
2021-03-22,"Johnson&Johnson, Moderna, Oxford/AstraZeneca, Pfizer/BioNTech",1033069,378163,1411232
2021-03-23,"Johnson&Johnson, Moderna, Oxford/AstraZeneca, Pfizer/BioNTech",1059731,391518,1451249
2021-03-24,"Johnson&Johnson, Moderna, Oxford/AstraZeneca, Pfizer/BioNTech",1086602,407260,1493862
2021-03-25,"Moderna, Oxford/AstraZeneca, Pfizer/BioNTech",1112946,425112,1538058
2021-03-26,"Johnson&Johnson, Moderna, Oxford/AstraZeneca, Pfizer/BioNTech",1137765,442615,1580380
2021-03-27,"Johnson&Johnson, Moderna, Oxford/AstraZeneca, Pfizer/BioNTech",1146207,447460,1593667
2021-03-28,"Moderna, Oxford/AstraZeneca, Pfizer/BioNTech",1151749,451605,1603354
2021-03-29,"Johnson&Johnson, Moderna, Oxford/AstraZeneca, Pfizer/BioNTech",1170882,472340,1643222
2021-03-30,"Johnson&Johnson, Moderna, Oxford/AstraZeneca, Pfizer/BioNTech",1195571,494521,1690092
2021-03-31,"Johnson&Johnson, Moderna, Oxford/AstraZeneca, Pfizer/BioNTech",1218696,521585,1740281
2021-04-01,"Johnson&Johnson, Moderna, Oxford/AstraZeneca, Pfizer/BioNTech",1244345,553638,1797983
2021-04-02,"Johnson&Johnson, Moderna, Oxford/AstraZeneca, Pfizer/BioNTech",1251274,566428,1817702
2021-04-03,"Johnson&Johnson, Moderna, Oxford/AstraZeneca, Pfizer/BioNTech",1254900,577355,1832255
2021-04-04,"Johnson&Johnson, Moderna, Oxford/AstraZeneca, Pfizer/BioNTech",1257417,586276,1843693
2021-04-05,"Johnson&Johnson, Moderna, Oxford/AstraZeneca, Pfizer/BioNTech",1259828,593466,1853294
2021-04-06,"Johnson&Johnson, Moderna, Oxford/AstraZeneca, Pfizer/BioNTech",1275995,622724,1898719
2021-04-07,"Johnson&Johnson, Moderna, Oxford/AstraZeneca, Pfizer/BioNTech",1299435,644955,1944390
2021-04-08,"Johnson&Johnson, Moderna, Oxford/AstraZeneca, Pfizer/BioNTech",1338191,675978,2014169
2021-04-09,"Johnson&Johnson, Moderna, Oxford/AstraZeneca, Pfizer/BioNTech",1377757,706165,2083922
2021-04-10,"Johnson&Johnson, Moderna, Oxford/AstraZeneca, Pfizer/BioNTech",1393280,721459,2114739
2021-04-11,"Johnson&Johnson, Moderna, Oxford/AstraZeneca, Pfizer/BioNTech",1403067,731504,2134571
2021-04-12,"Johnson&Johnson, Moderna, Oxford/AstraZeneca, Pfizer/BioNTech",1441358,756647,2198005
2021-04-13,"Moderna, Oxford/AstraZeneca, Pfizer/BioNTech",1477628,782683,2260311
2021-04-14,"Moderna, Oxford/AstraZeneca, Pfizer/BioNTech",1516467,810046,2326513
2021-04-15,"Moderna, Oxford/AstraZeneca, Pfizer/BioNTech",1564280,835807,2400087
2021-04-16,"Moderna, Oxford/AstraZeneca, Pfizer/BioNTech",1608957,861466,2470423
2021-04-17,"Moderna, Oxford/AstraZeneca, Pfizer/BioNTech",1625653,870492,2496145
2021-04-18,"Moderna, Oxford/AstraZeneca, Pfizer/BioNTech",1638642,875473,2514115
2021-04-19,"Moderna, Oxford/AstraZeneca, Pfizer/BioNTech",1682603,890908,2573511
2021-04-20,"Johnson&Johnson, Moderna, Oxford/AstraZeneca, Pfizer/BioNTech",1725181,906772,2631953
2021-04-21,"Moderna, Oxford/AstraZeneca, Pfizer/BioNTech",1772921,921123,2694044
2021-04-22,"Johnson&Johnson, Moderna, Oxford/AstraZeneca, Pfizer/BioNTech",1827426,938511,2765937
2021-04-23,"Johnson&Johnson, Moderna, Oxford/AstraZeneca, Pfizer/BioNTech",1877417,950562,2827979
2021-04-24,"Johnson&Johnson, Moderna, Oxford/AstraZeneca, Pfizer/BioNTech",1895272,955813,2851085
2021-04-25,"Johnson&Johnson, Moderna, Oxford/AstraZeneca, Pfizer/BioNTech",1909970,959810,2869780
2021-04-26,"Johnson&Johnson, Moderna, Oxford/AstraZeneca, Pfizer/BioNTech",1959558,967362,2926920
2021-04-27,"Johnson&Johnson, Moderna, Oxford/AstraZeneca, Pfizer/BioNTech",2008540,979595,2988135
2021-04-28,"Johnson&Johnson, Moderna, Oxford/AstraZeneca, Pfizer/BioNTech",2067312,993602,3060914
2021-04-29,"Johnson&Johnson, Moderna, Oxford/AstraZeneca, Pfizer/BioNTech",2132888,1009503,3142391
2021-04-30,"Johnson&Johnson, Moderna, Oxford/AstraZeneca, Pfizer/BioNTech",2195139,1019480,3214619
2021-05-01,"Johnson&Johnson, Moderna, Oxford/AstraZeneca, Pfizer/BioNTech",2214490,1022933,3237423
2021-05-02,"Johnson&Johnson, Moderna, Oxford/AstraZeneca, Pfizer/BioNTech",2233421,1025205,3258626
2021-05-03,"Johnson&Johnson, Moderna, Oxford/AstraZeneca, Pfizer/BioNTech",2300674,1030268,3330942
2021-05-04,"Johnson&Johnson, Moderna, Oxford/AstraZeneca, Pfizer/BioNTech",2367190,1038610,3405800
2021-05-05,"Johnson&Johnson, Moderna, Oxford/AstraZeneca, Pfizer/BioNTech",2440367,1048021,3488388
2021-05-06,"Johnson&Johnson, Moderna, Oxford/AstraZeneca, Pfizer/BioNTech",2520781,1058753,3579534
2021-05-07,"Johnson&Johnson, Moderna, Oxford/AstraZeneca, Pfizer/BioNTech",2598060,1068834,3666894
2021-05-08,"Johnson&Johnson, Moderna, Oxford/AstraZeneca, Pfizer/BioNTech",2627530,1070608,3698138
2021-05-09,"Johnson&Johnson, Moderna, Oxford/AstraZeneca, Pfizer/BioNTech",2651745,1071821,3723566
2021-05-10,"Johnson&Johnson, Moderna, Oxford/AstraZeneca, Pfizer/BioNTech",2724529,1079048,3803577
2021-05-11,"Johnson&Johnson, Moderna, Oxford/AstraZeneca, Pfizer/BioNTech",2800637,1087864,3888501
2021-05-12,"Johnson&Johnson, Moderna, Oxford/AstraZeneca, Pfizer/BioNTech",2880517,1096978,3977495
2021-05-13,"Johnson&Johnson, Moderna, Oxford/AstraZeneca, Pfizer/BioNTech",2964539,1106141,4070680
2021-05-14,"Johnson&Johnson, Moderna, Oxford/AstraZeneca, Pfizer/BioNTech",3044015,1113938,4157953
2021-05-15,"Johnson&Johnson, Moderna, Oxford/AstraZeneca, Pfizer/BioNTech",3075932,1116192,4192124
2021-05-16,"Johnson&Johnson, Moderna, Oxford/AstraZeneca, Pfizer/BioNTech",3101716,1117463,4219179
2021-05-17,"Johnson&Johnson, Moderna, Oxford/AstraZeneca, Pfizer/BioNTech",3174243,1124196,4298439
2021-05-18,"Johnson&Johnson, Moderna, Oxford/AstraZeneca, Pfizer/BioNTech",3246195,1137277,4383472
2021-05-19,"Johnson&Johnson, Moderna, Oxford/AstraZeneca, Pfizer/BioNTech",3323662,1152415,4476077
2021-05-20,"Johnson&Johnson, Moderna, Oxford/AstraZeneca, Pfizer/BioNTech",3399128,1179452,4578580
2021-05-21,"Johnson&Johnson, Moderna, Oxford/AstraZeneca, Pfizer/BioNTech",3467916,1207222,4675138
2021-05-22,"Johnson&Johnson, Moderna, Oxford/AstraZeneca, Pfizer/BioNTech",3500314,1218417,4718731
2021-05-23,"Johnson&Johnson, Moderna, Oxford/AstraZeneca, Pfizer/BioNTech",3522693,1227452,4750145
2021-05-24,"Johnson&Johnson, Moderna, Oxford/AstraZeneca, Pfizer/BioNTech",3569835,1261111,4830946
2021-05-25,"Johnson&Johnson, Moderna, Oxford/AstraZeneca, Pfizer/BioNTech",3621697,1296924,4918621
2021-05-26,"Johnson&Johnson, Moderna, Oxford/AstraZeneca, Pfizer/BioNTech",3689457,1334455,5023912
2021-05-27,"Johnson&Johnson, Moderna, Oxford/AstraZeneca, Pfizer/BioNTech",3750848,1381791,5132639
2021-05-28,"Johnson&Johnson, Moderna, Oxford/AstraZeneca, Pfizer/BioNTech",3812549,1428372,5240921
2021-05-29,"Johnson&Johnson, Moderna, Oxford/AstraZeneca, Pfizer/BioNTech",3841741,1445476,5287217
2021-05-30,"Johnson&Johnson, Moderna, Oxford/AstraZeneca, Pfizer/BioNTech",3864113,1459919,5324032
2021-05-31,"Johnson&Johnson, Moderna, Oxford/AstraZeneca, Pfizer/BioNTech",3919848,1507436,5427284
2021-06-01,"Johnson&Johnson, Moderna, Oxford/AstraZeneca, Pfizer/BioNTech",3978880,1556278,5535158
2021-06-02,"Johnson&Johnson, Moderna, Oxford/AstraZeneca, Pfizer/BioNTech",4041788,1610268,5652056
2021-06-03,"Johnson&Johnson, Moderna, Oxford/AstraZeneca, Pfizer/BioNTech",4100011,1670477,5770488
2021-06-04,"Johnson&Johnson, Moderna, Oxford/AstraZeneca, Pfizer/BioNTech",4163103,1727892,5890995
2021-06-05,"Johnson&Johnson, Moderna, Oxford/AstraZeneca, Pfizer/BioNTech",4197248,1746747,5943995
2021-06-06,"Johnson&Johnson, Moderna, Oxford/AstraZeneca, Pfizer/BioNTech",4224163,1761896,5986059
2021-06-07,"Johnson&Johnson, Moderna, Oxford/AstraZeneca, Pfizer/BioNTech",4287838,1817519,6105357
2021-06-08,"Johnson&Johnson, Moderna, Oxford/AstraZeneca, Pfizer/BioNTech",4351806,1872507,6224313
2021-06-09,"Johnson&Johnson, Moderna, Oxford/AstraZeneca, Pfizer/BioNTech",4410979,1937118,6348097
2021-06-10,"Johnson&Johnson, Moderna, Oxford/AstraZeneca, Pfizer/BioNTech",4464817,2008354,6473171
2021-06-11,"Johnson&Johnson, Moderna, Oxford/AstraZeneca, Pfizer/BioNTech",4516907,2078111,6595018
2021-06-12,"Johnson&Johnson, Moderna, Oxford/AstraZeneca, Pfizer/BioNTech",4548916,2098908,6647824
2021-06-13,"Johnson&Johnson, Moderna, Oxford/AstraZeneca, Pfizer/BioNTech",4572932,2117307,6690239
2021-06-14,"Johnson&Johnson, Moderna, Oxford/AstraZeneca, Pfizer/BioNTech",4616001,2191693,6807694
2021-06-15,"Johnson&Johnson, Moderna, Oxford/AstraZeneca, Pfizer/BioNTech",4660649,2264043,6924692
2021-06-16,"Johnson&Johnson, Moderna, Oxford/AstraZeneca, Pfizer/BioNTech",4703397,2342265,7045662
2021-06-17,"Johnson&Johnson, Moderna, Oxford/AstraZeneca, Pfizer/BioNTech",4742774,2425338,7168112
2021-06-18,"Johnson&Johnson, Moderna, Oxford/AstraZeneca, Pfizer/BioNTech",4785170,2505867,7291037
2021-06-19,"Johnson&Johnson, Moderna, Oxford/AstraZeneca, Pfizer/BioNTech",4806926,2535148,7342074
2021-06-20,"Johnson&Johnson, Moderna, Oxford/AstraZeneca, Pfizer/BioNTech",4824291,2558976,7383267
2021-06-21,"Johnson&Johnson, Moderna, Oxford/AstraZeneca, Pfizer/BioNTech",4856786,2637556,7494342
2021-06-22,"Johnson&Johnson, Moderna, Oxford/AstraZeneca, Pfizer/BioNTech",4889734,2719799,7609533
2021-06-23,"Johnson&Johnson, Moderna, Oxford/AstraZeneca, Pfizer/BioNTech",4921383,2804993,7726376
2021-06-24,"Johnson&Johnson, Moderna, Oxford/AstraZeneca, Pfizer/BioNTech",4951213,2894995,7846208
2021-06-25,"Johnson&Johnson, Moderna, Oxford/AstraZeneca, Pfizer/BioNTech",4982266,2981127,7963393
2021-06-26,"Johnson&Johnson, Moderna, Oxford/AstraZeneca, Pfizer/BioNTech",4998131,3015942,8014073
2021-06-27,"Johnson&Johnson, Moderna, Oxford/AstraZeneca, Pfizer/BioNTech",5012073,3042593,8054666
2021-06-28,"Johnson&Johnson, Moderna, Oxford/AstraZeneca, Pfizer/BioNTech",5040479,3127755,8168234
2021-06-29,"Johnson&Johnson, Moderna, Oxford/AstraZeneca, Pfizer/BioNTech",5069744,3214216,8283960
2021-06-30,"Johnson&Johnson, Moderna, Oxford/AstraZeneca, Pfizer/BioNTech",5097224,3305187,8402411
2021-07-01,"Johnson&Johnson, Moderna, Oxford/AstraZeneca, Pfizer/BioNTech",5121185,3395217,8516402
2021-07-02,"Johnson&Johnson, Moderna, Oxford/AstraZeneca, Pfizer/BioNTech",5147886,3481049,8628935
2021-07-03,"Johnson&Johnson, Moderna, Oxford/AstraZeneca, Pfizer/BioNTech",5154962,3512552,8667514
2021-07-04,"Johnson&Johnson, Moderna, Oxford/AstraZeneca, Pfizer/BioNTech",5162517,3534342,8696859
2021-07-05,"Johnson&Johnson, Moderna, Oxford/AstraZeneca, Pfizer/BioNTech",5169890,3559706,8729596
2021-07-06,"Johnson&Johnson, Moderna, Oxford/AstraZeneca, Pfizer/BioNTech",5175306,3587345,8762651
2021-07-07,"Johnson&Johnson, Moderna, Oxford/AstraZeneca, Pfizer/BioNTech",5201087,3666297,8867384
2021-07-08,"Johnson&Johnson, Moderna, Oxford/AstraZeneca, Pfizer/BioNTech",5227682,3736594,8964276
2021-07-09,"Johnson&Johnson, Moderna, Oxford/AstraZeneca, Pfizer/BioNTech",5255596,3805853,9061449
2021-07-10,"Johnson&Johnson, Moderna, Oxford/AstraZeneca, Pfizer/BioNTech",5264945,3834479,9099424
2021-07-11,"Johnson&Johnson, Moderna, Oxford/AstraZeneca, Pfizer/BioNTech",5273468,3857340,9130808
2021-07-12,"Johnson&Johnson, Moderna, Oxford/AstraZeneca, Pfizer/BioNTech",5300978,3926402,9227380
2021-07-13,"Johnson&Johnson, Moderna, Oxford/AstraZeneca, Pfizer/BioNTech",5327156,3996236,9323392
2021-07-14,"Johnson&Johnson, Moderna, Oxford/AstraZeneca, Pfizer/BioNTech",5352952,4068182,9421134
2021-07-15,"Johnson&Johnson, Moderna, Oxford/AstraZeneca, Pfizer/BioNTech",5382110,4134143,9516253
2021-07-16,"Johnson&Johnson, Moderna, Oxford/AstraZeneca, Pfizer/BioNTech",5410024,4206823,9616847
2021-07-17,"Johnson&Johnson, Moderna, Oxford/AstraZeneca, Pfizer/BioNTech",5418791,4238242,9657033
2021-07-18,"Johnson&Johnson, Moderna, Oxford/AstraZeneca, Pfizer/BioNTech",5427230,4264217,9691447
2021-07-19,"Johnson&Johnson, Moderna, Oxford/AstraZeneca, Pfizer/BioNTech",5450573,4331216,9781789
2021-07-20,"Johnson&Johnson, Moderna, Oxford/AstraZeneca, Pfizer/BioNTech",5471949,4398227,9870176
2021-07-21,"Johnson&Johnson, Moderna, Oxford/AstraZeneca, Pfizer/BioNTech",5495392,4461654,9957046
2021-07-22,"Johnson&Johnson, Moderna, Oxford/AstraZeneca, Pfizer/BioNTech",5517747,4520230,10037977
2021-07-23,"Johnson&Johnson, Moderna, Oxford/AstraZeneca, Pfizer/BioNTech",5540935,4574933,10115868
2021-07-24,"Johnson&Johnson, Moderna, Oxford/AstraZeneca, Pfizer/BioNTech",5548245,4602573,10150818
2021-07-25,"Johnson&Johnson, Moderna, Oxford/AstraZeneca, Pfizer/BioNTech",5554855,4624676,10179531
2021-07-26,"Johnson&Johnson, Moderna, Oxford/AstraZeneca, Pfizer/BioNTech",5578388,4673315,10251703
2021-07-27,"Johnson&Johnson, Moderna, Oxford/AstraZeneca, Pfizer/BioNTech",5601108,4719904,10321012
2021-07-28,"Johnson&Johnson, Moderna, Oxford/AstraZeneca, Pfizer/BioNTech",5622351,4765837,10388188
2021-07-29,"Johnson&Johnson, Moderna, Oxford/AstraZeneca, Pfizer/BioNTech",5643663,4807740,10451403
2021-07-30,"Johnson&Johnson, Moderna, Oxford/AstraZeneca, Pfizer/BioNTech",5666934,4850236,10517170
2021-07-31,"Johnson&Johnson, Moderna, Oxford/AstraZeneca, Pfizer/BioNTech",5675854,4869742,10545596
2021-08-01,"Johnson&Johnson, Moderna, Oxford/AstraZeneca, Pfizer/BioNTech",5682568,4885893,10568461
2021-08-02,"Johnson&Johnson, Moderna, Oxford/AstraZeneca, Pfizer/BioNTech",5701189,4923400,10624589
2021-08-03,"Johnson&Johnson, Moderna, Oxford/AstraZeneca, Pfizer/BioNTech",5718813,4961456,10680269
2021-08-04,"Johnson&Johnson, Moderna, Oxford/AstraZeneca, Pfizer/BioNTech",5734905,4998146,10733051
2021-08-05,"Johnson&Johnson, Moderna, Oxford/AstraZeneca, Pfizer/BioNTech",5750934,5038571,10789505
2021-08-06,"Johnson&Johnson, Moderna, Oxford/AstraZeneca, Pfizer/BioNTech",5767709,5081805,10849514
2021-08-07,"Johnson&Johnson, Moderna, Oxford/AstraZeneca, Pfizer/BioNTech",5773300,5099948,10873248
2021-08-08,"Johnson&Johnson, Moderna, Oxford/AstraZeneca, Pfizer/BioNTech",5777655,5115682,10893337
2021-08-09,"Johnson&Johnson, Moderna, Oxford/AstraZeneca, Pfizer/BioNTech",5790289,5160695,10950984
2021-08-10,"Johnson&Johnson, Moderna, Oxford/AstraZeneca, Pfizer/BioNTech",5802121,5200218,11002339
2021-08-11,"Johnson&Johnson, Moderna, Oxford/AstraZeneca, Pfizer/BioNTech",5813477,5243308,11056785
2021-08-12,"Johnson&Johnson, Moderna, Oxford/AstraZeneca, Pfizer/BioNTech",5824893,5280389,11105282
2021-08-13,"Johnson&Johnson, Moderna, Oxford/AstraZeneca, Pfizer/BioNTech",5835615,5320687,11156302
2021-08-14,"Johnson&Johnson, Moderna, Oxford/AstraZeneca, Pfizer/BioNTech",5838948,5331370,11170318
2021-08-15,"Johnson&Johnson, Moderna, Oxford/AstraZeneca, Pfizer/BioNTech",5841529,5341727,11183256
2021-08-16,"Johnson&Johnson, Moderna, Oxford/AstraZeneca, Pfizer/BioNTech",5851315,5375771,11227086
2021-08-17,"Johnson&Johnson, Moderna, Oxford/AstraZeneca, Pfizer/BioNTech",5860907,5402843,11263750
2021-08-18,"Johnson&Johnson, Moderna, Oxford/AstraZeneca, Pfizer/BioNTech",5870275,5441688,11311963
2021-08-19,"Johnson&Johnson, Moderna, Oxford/AstraZeneca, Pfizer/BioNTech",5879937,5480008,11359945
2021-08-20,"Johnson&Johnson, Moderna, Oxford/AstraZeneca, Pfizer/BioNTech",5891319,5520172,11411491
2021-08-21,"Johnson&Johnson, Moderna, Oxford/AstraZeneca, Pfizer/BioNTech",5894035,5532914,11426949
2021-08-22,"Johnson&Johnson, Moderna, Oxford/AstraZeneca, Pfizer/BioNTech",5896374,5544868,11441242
2021-08-23,"Johnson&Johnson, Moderna, Oxford/AstraZeneca, Pfizer/BioNTech",5906903,5584106,11491009
2021-08-24,"Johnson&Johnson, Moderna, Oxford/AstraZeneca, Pfizer/BioNTech",5916768,5617327,11534095
2021-08-25,"Johnson&Johnson, Moderna, Oxford/AstraZeneca, Pfizer/BioNTech",5925630,5645677,11571307
2021-08-26,"Johnson&Johnson, Moderna, Oxford/AstraZeneca, Pfizer/BioNTech",5934074,5671787,11605861
2021-08-27,"Johnson&Johnson, Moderna, Oxford/AstraZeneca, Pfizer/BioNTech",5944391,5697720,11642111
2021-08-28,"Johnson&Johnson, Moderna, Oxford/AstraZeneca, Pfizer/BioNTech",5947113,5704750,11651863
2021-08-29,"Johnson&Johnson, Moderna, Oxford/AstraZeneca, Pfizer/BioNTech",5949520,5711366,11660886
2021-08-30,"Johnson&Johnson, Moderna, Oxford/AstraZeneca, Pfizer/BioNTech",5958044,5733219,11691263
2021-08-31,"Johnson&Johnson, Moderna, Oxford/AstraZeneca, Pfizer/BioNTech",5965714,5751279,11716993
2021-09-01,"Johnson&Johnson, Moderna, Oxford/AstraZeneca, Pfizer/BioNTech",5971597,5765259,11736856
2021-09-02,"Johnson&Johnson, Moderna, Oxford/AstraZeneca, Pfizer/BioNTech",5978429,5779635,11758064
2021-09-03,"Johnson&Johnson, Moderna, Oxford/AstraZeneca, Pfizer/BioNTech",5987982,5795326,11783308
2021-09-04,"Johnson&Johnson, Moderna, Oxford/AstraZeneca, Pfizer/BioNTech",5990051,5798875,11788926
2021-09-05,"Johnson&Johnson, Moderna, Oxford/AstraZeneca, Pfizer/BioNTech",5992089,5801715,11793804
2021-09-06,"Johnson&Johnson, Moderna, Oxford/AstraZeneca, Pfizer/BioNTech",5998322,5814228,11812550
2021-09-07,"Johnson&Johnson, Moderna, Oxford/AstraZeneca, Pfizer/BioNTech",6002712,5825317,11828029
2021-09-08,"Johnson&Johnson, Moderna, Oxford/AstraZeneca, Pfizer/BioNTech",6008376,5835152,11843528
2021-09-09,"Johnson&Johnson, Moderna, Oxford/AstraZeneca, Pfizer/BioNTech",6015056,5845204,11860260
2021-09-10,"Johnson&Johnson, Moderna, Oxford/AstraZeneca, Pfizer/BioNTech",6022740,5857372,11880112
2021-09-11,"Johnson&Johnson, Moderna, Oxford/AstraZeneca, Pfizer/BioNTech",6024602,5859846,11884448
2021-09-12,"Johnson&Johnson, Moderna, Oxford/AstraZeneca, Pfizer/BioNTech",6025716,5861470,11887186
2021-09-13,"Johnson&Johnson, Moderna, Oxford/AstraZeneca, Pfizer/BioNTech",6031143,5871755,11902898
2021-09-14,"Johnson&Johnson, Moderna, Oxford/AstraZeneca, Pfizer/BioNTech",6036527,5880761,11917288
2021-09-15,"Johnson&Johnson, Moderna, Oxford/AstraZeneca, Pfizer/BioNTech",6041718,5889276,11930994
2021-09-16,"Johnson&Johnson, Moderna, Oxford/AstraZeneca, Pfizer/BioNTech",6047058,5897539,11944597
2021-09-17,"Johnson&Johnson, Moderna, Oxford/AstraZeneca, Pfizer/BioNTech",6053627,5907760,11961387
2021-09-18,"Johnson&Johnson, Moderna, Oxford/AstraZeneca, Pfizer/BioNTech",6055349,5910112,11965461
2021-09-19,"Johnson&Johnson, Moderna, Oxford/AstraZeneca, Pfizer/BioNTech",6056290,5911677,11967967
2021-09-20,"Johnson&Johnson, Moderna, Oxford/AstraZeneca, Pfizer/BioNTech",6060301,5919866,11980167
2021-09-21,"Johnson&Johnson, Moderna, Oxford/AstraZeneca, Pfizer/BioNTech",6064525,5927393,11991918
2021-09-22,"Johnson&Johnson, Moderna, Oxford/AstraZeneca, Pfizer/BioNTech",6068701,5932903,12001604
2021-09-23,"Johnson&Johnson, Moderna, Oxford/AstraZeneca, Pfizer/BioNTech",6073677,5939302,12012979
2021-09-24,"Johnson&Johnson, Moderna, Oxford/AstraZeneca, Pfizer/BioNTech",6079435,5948914,12028349
2021-09-25,"Johnson&Johnson, Moderna, Oxford/AstraZeneca, Pfizer/BioNTech",6080928,5950908,12031836
2021-09-26,"Johnson&Johnson, Moderna, Pfizer/BioNTech",6081668,5952545,12034213
2021-09-27,"Johnson&Johnson, Moderna, Oxford/AstraZeneca, Pfizer/BioNTech",6085544,5959045,12044589
2021-09-28,"Johnson&Johnson, Moderna, Pfizer/BioNTech",6085902,5959659,12045561
2021-09-29,"Johnson&Johnson, Moderna, Oxford/AstraZeneca, Pfizer/BioNTech",6089674,5967110,12056784
2021-09-30,"Johnson&Johnson, Moderna, Oxford/AstraZeneca, Pfizer/BioNTech",6094172,5974800,12068972
2021-10-01,"Johnson&Johnson, Moderna, Oxford/AstraZeneca, Pfizer/BioNTech",6098464,5982761,12081225
2021-10-02,"Johnson&Johnson, Moderna, Oxford/AstraZeneca, Pfizer/BioNTech",6099524,5984297,12083821
2021-10-03,"Johnson&Johnson, Moderna, Pfizer/BioNTech",6100244,5985161,12085405
2021-10-04,"Johnson&Johnson, Moderna, Oxford/AstraZeneca, Pfizer/BioNTech",6103314,5990724,12094038
2021-10-05,"Johnson&Johnson, Moderna, Oxford/AstraZeneca, Pfizer/BioNTech",6106470,5995787,12102257
2021-10-06,"Johnson&Johnson, Moderna, Oxford/AstraZeneca, Pfizer/BioNTech",6109978,6000945,12110923
2021-10-07,"Johnson&Johnson, Moderna, Oxford/AstraZeneca, Pfizer/BioNTech",6113248,6006189,12119437
2021-10-08,"Johnson&Johnson, Moderna, Oxford/AstraZeneca, Pfizer/BioNTech",6118034,6012815,12130849
2021-10-09,"Johnson&Johnson, Moderna, Oxford/AstraZeneca, Pfizer/BioNTech",6119276,6014467,12133743
2021-10-10,"Johnson&Johnson, Moderna, Oxford/AstraZeneca, Pfizer/BioNTech",6120217,6015296,12135513
2021-10-11,"Johnson&Johnson, Moderna, Oxford/AstraZeneca, Pfizer/BioNTech",6123145,6019705,12142850
2021-10-12,"Johnson&Johnson, Moderna, Oxford/AstraZeneca, Pfizer/BioNTech",6126069,6023700,12149769
2021-10-13,"Johnson&Johnson, Moderna, Oxford/AstraZeneca, Pfizer/BioNTech",6129602,6027879,12157481
2021-10-14,"Johnson&Johnson, Moderna, Oxford/AstraZeneca, Pfizer/BioNTech",6133277,6032821,12166098
2021-10-15,"Johnson&Johnson, Moderna, Oxford/AstraZeneca, Pfizer/BioNTech",6138505,6038954,12177459
2021-10-16,"Johnson&Johnson, Moderna, Oxford/AstraZeneca, Pfizer/BioNTech",6139914,6040472,12180386
2021-10-17,"Johnson&Johnson, Moderna, Pfizer/BioNTech",6141234,6041525,12182759
2021-10-18,"Johnson&Johnson, Moderna, Oxford/AstraZeneca, Pfizer/BioNTech",6145347,6045618,12190965
2021-10-19,"Johnson&Johnson, Moderna, Oxford/AstraZeneca, Pfizer/BioNTech",6148924,6047706,12196630
2021-10-20,"Johnson&Johnson, Moderna, Oxford/AstraZeneca, Pfizer/BioNTech",6153794,6052154,12205948
2021-10-21,"Johnson&Johnson, Moderna, Oxford/AstraZeneca, Pfizer/BioNTech",6161558,6057748,12219306
2021-10-22,"Johnson&Johnson, Moderna, Oxford/AstraZeneca, Pfizer/BioNTech",6171999,6064245,12236244
2021-10-23,"Johnson&Johnson, Moderna, Pfizer/BioNTech",6175674,6066451,12242125
2021-10-24,"Johnson&Johnson, Moderna, Pfizer/BioNTech",6178359,6068228,12246587
2021-10-25,"Johnson&Johnson, Moderna, Oxford/AstraZeneca, Pfizer/BioNTech",6188842,6074022,12262864
2021-10-26,"Johnson&Johnson, Moderna, Oxford/AstraZeneca, Pfizer/BioNTech",6200826,6080562,12281388
2021-10-27,"Johnson&Johnson, Moderna, Oxford/AstraZeneca, Pfizer/BioNTech",6215428,6087959,12303387
2021-10-28,"Johnson&Johnson, Moderna, Oxford/AstraZeneca, Pfizer/BioNTech",6218842,6089632,12308474
2021-10-29,"Johnson&Johnson, Moderna, Oxford/AstraZeneca, Pfizer/BioNTech",6233257,6097592,12330849
2021-10-30,"Johnson&Johnson, Moderna, Pfizer/BioNTech",6237788,6100507,12338295
2021-10-31,"Johnson&Johnson, Moderna, Oxford/AstraZeneca, Pfizer/BioNTech",6241551,6102979,12344530
2021-11-01,"Johnson&Johnson, Moderna, Oxford/AstraZeneca, Pfizer/BioNTech",6256743,6110656,12367399
2021-11-02,"Johnson&Johnson, Moderna, Oxford/AstraZeneca, Pfizer/BioNTech",6272188,6118204,12390392
2021-11-03,"Johnson&Johnson, Moderna, Oxford/AstraZeneca, Pfizer/BioNTech",6289365,6125493,12414858
2021-11-04,"Johnson&Johnson, Moderna, Oxford/AstraZeneca, Pfizer/BioNTech",6307713,6133659,12441372
2021-11-05,"Johnson&Johnson, Moderna, Oxford/AstraZeneca, Pfizer/BioNTech",6330519,6144922,12475441
2021-11-06,"Johnson&Johnson, Moderna, Oxford/AstraZeneca, Pfizer/BioNTech",6337026,6147973,12484999
2021-11-07,"Johnson&Johnson, Moderna, Oxford/AstraZeneca, Pfizer/BioNTech",6341041,6150403,12491444
2021-11-08,"Johnson&Johnson, Moderna, Oxford/AstraZeneca, Pfizer/BioNTech",6357347,6158030,12515377
2021-11-09,"Johnson&Johnson, Moderna, Oxford/AstraZeneca, Pfizer/BioNTech",6372153,6165321,12537474
2021-11-10,"Johnson&Johnson, Moderna, Oxford/AstraZeneca, Pfizer/BioNTech",6387883,6172692,12560575
2021-11-11,"Johnson&Johnson, Moderna, Oxford/AstraZeneca, Pfizer/BioNTech",6403347,6181793,12585140
2021-11-12,"Johnson&Johnson, Moderna, Oxford/AstraZeneca, Pfizer/BioNTech",6423145,6194569,12617714
2021-11-13,"Johnson&Johnson, Moderna, Oxford/AstraZeneca, Pfizer/BioNTech",6428533,6198433,12626966
2021-11-14,"Johnson&Johnson, Moderna, Oxford/AstraZeneca, Pfizer/BioNTech",6432419,6201435,12633854
2021-11-15,"Johnson&Johnson, Moderna, Oxford/AstraZeneca, Pfizer/BioNTech",6447496,6212119,12659615
2021-11-16,"Johnson&Johnson, Moderna, Oxford/AstraZeneca, Pfizer/BioNTech",6465031,6224088,12689119
2021-11-17,"Johnson&Johnson, Moderna, Oxford/AstraZeneca, Pfizer/BioNTech",6469264,6227647,12696911
2021-11-18,"Johnson&Johnson, Moderna, Oxford/AstraZeneca, Pfizer/BioNTech",6488662,6239321,12727983
2021-11-19,"Johnson&Johnson, Moderna, Oxford/AstraZeneca, Pfizer/BioNTech",6513267,6256288,12769555
2021-11-20,"Johnson&Johnson, Moderna, Oxford/AstraZeneca, Pfizer/BioNTech",6521835,6261261,12783096
2021-11-21,"Johnson&Johnson, Moderna, Oxford/AstraZeneca, Pfizer/BioNTech",6528606,6265032,12793638
2021-11-22,"Johnson&Johnson, Moderna, Oxford/AstraZeneca, Pfizer/BioNTech",6547109,6279134,12826243
2021-11-23,"Johnson&Johnson, Moderna, Oxford/AstraZeneca, Pfizer/BioNTech",6566154,6292383,12858537
2021-11-24,"Johnson&Johnson, Moderna, Oxford/AstraZeneca, Pfizer/BioNTech",6585117,6308217,12893334
2021-11-25,"Johnson&Johnson, Moderna, Oxford/AstraZeneca, Pfizer/BioNTech",6604242,6323236,12927478
2021-11-26,"Johnson&Johnson, Moderna, Oxford/AstraZeneca, Pfizer/BioNTech",6625808,6342356,12968164
2021-11-27,"Johnson&Johnson, Moderna, Oxford/AstraZeneca, Pfizer/BioNTech",6633259,6347900,12981159
2021-11-28,"Johnson&Johnson, Moderna, Oxford/AstraZeneca, Pfizer/BioNTech",6636588,6351031,12987619
2021-11-29,"Johnson&Johnson, Moderna, Oxford/AstraZeneca, Pfizer/BioNTech",6651731,6364681,13016412
2021-11-30,"Johnson&Johnson, Moderna, Oxford/AstraZeneca, Pfizer/BioNTech",6664839,6375895,13040734
2021-12-01,"Johnson&Johnson, Moderna, Oxford/AstraZeneca, Pfizer/BioNTech",6678790,6388324,13067114
2021-12-02,"Johnson&Johnson, Moderna, Oxford/AstraZeneca, Pfizer/BioNTech",6689336,6400801,13090137
2021-12-03,"Johnson&Johnson, Moderna, Pfizer/BioNTech",6698917,6416354,13115271
2021-12-04,"Johnson&Johnson, Moderna, Pfizer/BioNTech",6701464,6420297,13121761
2021-12-05,"Johnson&Johnson, Moderna, Pfizer/BioNTech",6702807,6422630,13125437
2021-12-06,"Johnson&Johnson, Moderna, Oxford/AstraZeneca, Pfizer/BioNTech",6710923,6434140,13145063
2021-12-07,"Johnson&Johnson, Moderna, Oxford/AstraZeneca, Pfizer/BioNTech",6718726,6446123,13164849
2021-12-08,"Johnson&Johnson, Moderna, Oxford/AstraZeneca, Pfizer/BioNTech",6726915,6452024,13178939
2021-12-09,"Johnson&Johnson, Moderna, Oxford/AstraZeneca, Pfizer/BioNTech",6733980,6464827,13198807
2021-12-10,"Johnson&Johnson, Moderna, Oxford/AstraZeneca, Pfizer/BioNTech",6740846,6482610,13223456
2021-12-11,"Johnson&Johnson, Moderna, Pfizer/BioNTech",6742501,6487875,13230376
2021-12-12,"Johnson&Johnson, Moderna, Pfizer/BioNTech",6743802,6492304,13236106
2021-12-13,"Johnson&Johnson, Moderna, Oxford/AstraZeneca, Pfizer/BioNTech",6750153,6505589,13255742
2021-12-14,"Johnson&Johnson, Moderna, Oxford/AstraZeneca, Pfizer/BioNTech",6756340,6519229,13275569
2021-12-15,"Johnson&Johnson, Moderna, Oxford/AstraZeneca, Pfizer/BioNTech",6762505,6532810,13295315
2021-12-16,"Johnson&Johnson, Moderna, Oxford/AstraZeneca, Pfizer/BioNTech",6769355,6547576,13316931
2021-12-17,"Johnson&Johnson, Moderna, Oxford/AstraZeneca, Pfizer/BioNTech",6777612,6564784,13342396
2021-12-18,"Johnson&Johnson, Moderna, Pfizer/BioNTech",6780200,6570214,13350414
2021-12-19,"Johnson&Johnson, Moderna, Pfizer/BioNTech",6781964,6572707,13354671
2021-12-20,"Johnson&Johnson, Moderna, Oxford/AstraZeneca, Pfizer/BioNTech",6787718,6586681,13374399
2021-12-21,"Johnson&Johnson, Moderna, Oxford/AstraZeneca, Pfizer/BioNTech",6794339,6598615,13392954
2021-12-22,"Johnson&Johnson, Moderna, Pfizer/BioNTech",6799364,6611588,13410952
2021-12-23,"Johnson&Johnson, Moderna, Oxford/AstraZeneca, Pfizer/BioNTech",6802209,6617092,13419301
2021-12-24,"Johnson&Johnson, Moderna, Pfizer/BioNTech",6802254,6617188,13419442
2021-12-25,"Moderna, Pfizer/BioNTech",6802254,6617193,13419447
2021-12-26,"Moderna, Pfizer/BioNTech",6802352,6617387,13419739
2021-12-27,"Johnson&Johnson, Moderna, Pfizer/BioNTech",6806161,6627063,13433224
2021-12-28,"Johnson&Johnson, Moderna, Oxford/AstraZeneca, Pfizer/BioNTech",6811359,6634957,13446316
2021-12-29,"Johnson&Johnson, Moderna, Oxford/AstraZeneca, Pfizer/BioNTech",6815590,6642519,13458109
2021-12-30,"Johnson&Johnson, Moderna, Oxford/AstraZeneca, Pfizer/BioNTech",6819701,6647817,13467518
2021-12-31,"Johnson&Johnson, Moderna, Oxford/AstraZeneca, Pfizer/BioNTech",6820186,6649179,13469365
